{"nm":"Scene","ddd":0,"h":720,"w":720,"meta":{"g":"LottieFiles AE 1.0.0"},"layers":[{"ty":4,"nm":"Right 2","sr":1,"st":0,"op":239,"ip":0,"hd":false,"ddd":0,"bm":0,"hasMask":false,"ao":0,"ks":{"a":{"a":0,"k":[0,0,0],"ix":1},"s":{"a":0,"k":[188,180,100],"ix":6},"sk":{"a":0,"k":0},"p":{"a":0,"k":[528,360,0],"ix":2},"r":{"a":0,"k":0,"ix":10},"sa":{"a":0,"k":0},"o":{"a":0,"k":100,"ix":11}},"ef":[],"shapes":[{"ty":"gr","bm":0,"hd":false,"mn":"ADBE Vector Group","nm":"Rectangle 1","ix":1,"cix":2,"np":3,"it":[{"ty":"rc","bm":0,"hd":false,"mn":"ADBE Vector Shape - Rect","nm":"Rectangle Path 1","d":1,"p":{"a":0,"k":[0,0],"ix":3},"r":{"a":0,"k":20,"ix":4},"s":{"a":1,"k":[{"o":{"x":0.333,"y":0},"i":{"x":0.833,"y":1},"s":[16,60],"t":0},{"o":{"x":0.167,"y":0},"i":{"x":0.833,"y":1},"s":[16,184],"t":30},{"o":{"x":0.167,"y":0},"i":{"x":0.833,"y":1},"s":[16,32],"t":60},{"o":{"x":0.167,"y":0},"i":{"x":0.667,"y":1},"s":[16,172],"t":90},{"o":{"x":0.333,"y":0},"i":{"x":0.833,"y":1},"s":[16,32],"t":120},{"o":{"x":0.167,"y":0},"i":{"x":0.833,"y":1},"s":[16,148],"t":150},{"o":{"x":0.167,"y":0},"i":{"x":0.833,"y":1},"s":[16,72],"t":180},{"o":{"x":0.167,"y":0},"i":{"x":0.667,"y":1},"s":[16,184],"t":210},{"s":[16,60],"t":238}],"ix":2}},{"ty":"st","bm":0,"hd":false,"mn":"ADBE Vector Graphic - Stroke","nm":"Stroke 1","lc":1,"lj":1,"ml":4,"o":{"a":0,"k":100,"ix":4},"w":{"a":0,"k":0,"ix":5},"c":{"a":0,"k":[1,1,1],"ix":3}},{"ty":"fl","bm":0,"hd":false,"mn":"ADBE Vector Graphic - Fill","nm":"Fill 1","c":{"a":0,"k":[0.9765,0.5647,0],"ix":4},"r":1,"o":{"a":0,"k":100,"ix":5}},{"ty":"tr","a":{"a":0,"k":[0,0],"ix":1},"s":{"a":0,"k":[100,100],"ix":3},"sk":{"a":0,"k":0,"ix":4},"p":{"a":0,"k":[0,0],"ix":2},"r":{"a":0,"k":0,"ix":6},"sa":{"a":0,"k":0,"ix":5},"o":{"a":0,"k":100,"ix":7}}]}],"ind":1},{"ty":4,"nm":"Right 1","sr":1,"st":15,"op":254,"ip":0,"hd":false,"ddd":0,"bm":0,"hasMask":false,"ao":0,"ks":{"a":{"a":0,"k":[0,0,0],"ix":1},"s":{"a":0,"k":[188,180,100],"ix":6},"sk":{"a":0,"k":0},"p":{"a":0,"k":[444,360,0],"ix":2},"r":{"a":0,"k":0,"ix":10},"sa":{"a":0,"k":0},"o":{"a":0,"k":100,"ix":11}},"ef":[],"shapes":[{"ty":"gr","bm":0,"hd":false,"mn":"ADBE Vector Group","nm":"Rectangle 1","ix":1,"cix":2,"np":3,"it":[{"ty":"rc","bm":0,"hd":false,"mn":"ADBE Vector Shape - Rect","nm":"Rectangle Path 1","d":1,"p":{"a":0,"k":[0,0],"ix":3},"r":{"a":0,"k":20,"ix":4},"s":{"a":1,"k":[{"o":{"x":0.337,"y":0},"i":{"x":0.667,"y":1},"s":[16,136.875],"t":0},{"o":{"x":0.333,"y":0},"i":{"x":0.833,"y":1},"s":[16,96],"t":15},{"o":{"x":0.167,"y":0},"i":{"x":0.833,"y":1},"s":[16,184],"t":45},{"o":{"x":0.167,"y":0},"i":{"x":0.833,"y":1},"s":[16,48],"t":75},{"o":{"x":0.167,"y":0},"i":{"x":0.667,"y":1},"s":[16,172],"t":105},{"o":{"x":0.333,"y":0},"i":{"x":0.833,"y":1},"s":[16,32],"t":135},{"o":{"x":0.167,"y":0},"i":{"x":0.833,"y":1},"s":[16,184],"t":165},{"o":{"x":0.167,"y":0},"i":{"x":0.833,"y":1},"s":[16,60],"t":195},{"o":{"x":0.188,"y":0},"i":{"x":0.573,"y":1},"s":[16,184],"t":225},{"o":{"x":0.337,"y":0},"i":{"x":0.704,"y":1},"s":[16,136.875],"t":238},{"s":[16,96],"t":253}],"ix":2}},{"ty":"st","bm":0,"hd":false,"mn":"ADBE Vector Graphic - Stroke","nm":"Stroke 1","lc":1,"lj":1,"ml":4,"o":{"a":0,"k":100,"ix":4},"w":{"a":0,"k":0,"ix":5},"c":{"a":0,"k":[1,1,1],"ix":3}},{"ty":"fl","bm":0,"hd":false,"mn":"ADBE Vector Graphic - Fill","nm":"Fill 1","c":{"a":0,"k":[0.9765,0.5647,0],"ix":4},"r":1,"o":{"a":0,"k":100,"ix":5}},{"ty":"tr","a":{"a":0,"k":[0,0],"ix":1},"s":{"a":0,"k":[100,100],"ix":3},"sk":{"a":0,"k":0,"ix":4},"p":{"a":0,"k":[0,0],"ix":2},"r":{"a":0,"k":0,"ix":6},"sa":{"a":0,"k":0,"ix":5},"o":{"a":0,"k":100,"ix":7}}]}],"ind":2},{"ty":4,"nm":"Centre","sr":1,"st":0,"op":239,"ip":0,"hd":false,"ddd":0,"bm":0,"hasMask":false,"ao":0,"ks":{"a":{"a":0,"k":[0,0,0],"ix":1},"s":{"a":0,"k":[188,180,100],"ix":6},"sk":{"a":0,"k":0},"p":{"a":0,"k":[360,360,0],"ix":2},"r":{"a":0,"k":0,"ix":10},"sa":{"a":0,"k":0},"o":{"a":0,"k":100,"ix":11}},"ef":[],"shapes":[{"ty":"gr","bm":0,"hd":false,"mn":"ADBE Vector Group","nm":"Rectangle 1","ix":1,"cix":2,"np":3,"it":[{"ty":"rc","bm":0,"hd":false,"mn":"ADBE Vector Shape - Rect","nm":"Rectangle Path 1","d":1,"p":{"a":0,"k":[0,0],"ix":3},"r":{"a":0,"k":20,"ix":4},"s":{"a":1,"k":[{"o":{"x":0.333,"y":0},"i":{"x":0.833,"y":1},"s":[16,96],"t":0},{"o":{"x":0.167,"y":0},"i":{"x":0.833,"y":1},"s":[16,184],"t":30},{"o":{"x":0.167,"y":0},"i":{"x":0.833,"y":1},"s":[16,32],"t":60},{"o":{"x":0.167,"y":0},"i":{"x":0.667,"y":1},"s":[16,172],"t":90},{"o":{"x":0.333,"y":0},"i":{"x":0.833,"y":1},"s":[16,32],"t":120},{"o":{"x":0.167,"y":0},"i":{"x":0.833,"y":1},"s":[16,148],"t":150},{"o":{"x":0.167,"y":0},"i":{"x":0.833,"y":1},"s":[16,72],"t":180},{"o":{"x":0.167,"y":0},"i":{"x":0.667,"y":1},"s":[16,184],"t":210},{"s":[16,96],"t":238}],"ix":2}},{"ty":"st","bm":0,"hd":false,"mn":"ADBE Vector Graphic - Stroke","nm":"Stroke 1","lc":1,"lj":1,"ml":4,"o":{"a":0,"k":100,"ix":4},"w":{"a":0,"k":0,"ix":5},"c":{"a":0,"k":[1,1,1],"ix":3}},{"ty":"fl","bm":0,"hd":false,"mn":"ADBE Vector Graphic - Fill","nm":"Fill 1","c":{"a":0,"k":[0.9765,0.5647,0],"ix":4},"r":1,"o":{"a":0,"k":100,"ix":5}},{"ty":"tr","a":{"a":0,"k":[0,0],"ix":1},"s":{"a":0,"k":[100,100],"ix":3},"sk":{"a":0,"k":0,"ix":4},"p":{"a":0,"k":[0,0],"ix":2},"r":{"a":0,"k":0,"ix":6},"sa":{"a":0,"k":0,"ix":5},"o":{"a":0,"k":100,"ix":7}}]}],"ind":3},{"ty":4,"nm":"Left 1","sr":1,"st":15,"op":254,"ip":0,"hd":false,"ddd":0,"bm":0,"hasMask":false,"ao":0,"ks":{"a":{"a":0,"k":[0,0,0],"ix":1},"s":{"a":0,"k":[188,180,100],"ix":6},"sk":{"a":0,"k":0},"p":{"a":0,"k":[278,360,0],"ix":2},"r":{"a":0,"k":0,"ix":10},"sa":{"a":0,"k":0},"o":{"a":0,"k":100,"ix":11}},"ef":[],"shapes":[{"ty":"gr","bm":0,"hd":false,"mn":"ADBE Vector Group","nm":"Rectangle 1","ix":1,"cix":2,"np":3,"it":[{"ty":"rc","bm":0,"hd":false,"mn":"ADBE Vector Shape - Rect","nm":"Rectangle Path 1","d":1,"p":{"a":0,"k":[0,0],"ix":3},"r":{"a":0,"k":20,"ix":4},"s":{"a":1,"k":[{"o":{"x":0.337,"y":0},"i":{"x":0.667,"y":1},"s":[16,136.875],"t":0},{"o":{"x":0.333,"y":0},"i":{"x":0.833,"y":1},"s":[16,96],"t":15},{"o":{"x":0.167,"y":0},"i":{"x":0.833,"y":1},"s":[16,184],"t":45},{"o":{"x":0.167,"y":0},"i":{"x":0.833,"y":1},"s":[16,48],"t":75},{"o":{"x":0.167,"y":0},"i":{"x":0.667,"y":1},"s":[16,172],"t":105},{"o":{"x":0.333,"y":0},"i":{"x":0.833,"y":1},"s":[16,32],"t":135},{"o":{"x":0.167,"y":0},"i":{"x":0.833,"y":1},"s":[16,184],"t":165},{"o":{"x":0.167,"y":0},"i":{"x":0.833,"y":1},"s":[16,60],"t":195},{"o":{"x":0.188,"y":0},"i":{"x":0.573,"y":1},"s":[16,184],"t":225},{"o":{"x":0.337,"y":0},"i":{"x":0.704,"y":1},"s":[16,136.875],"t":238},{"s":[16,96],"t":253}],"ix":2}},{"ty":"st","bm":0,"hd":false,"mn":"ADBE Vector Graphic - Stroke","nm":"Stroke 1","lc":1,"lj":1,"ml":4,"o":{"a":0,"k":100,"ix":4},"w":{"a":0,"k":0,"ix":5},"c":{"a":0,"k":[1,1,1],"ix":3}},{"ty":"fl","bm":0,"hd":false,"mn":"ADBE Vector Graphic - Fill","nm":"Fill 1","c":{"a":0,"k":[0.9765,0.5647,0],"ix":4},"r":1,"o":{"a":0,"k":100,"ix":5}},{"ty":"tr","a":{"a":0,"k":[0,0],"ix":1},"s":{"a":0,"k":[100,100],"ix":3},"sk":{"a":0,"k":0,"ix":4},"p":{"a":0,"k":[0,0],"ix":2},"r":{"a":0,"k":0,"ix":6},"sa":{"a":0,"k":0,"ix":5},"o":{"a":0,"k":100,"ix":7}}]}],"ind":4},{"ty":4,"nm":"Left 2","sr":1,"st":0,"op":239,"ip":0,"hd":false,"ddd":0,"bm":0,"hasMask":false,"ao":0,"ks":{"a":{"a":0,"k":[0,0,0],"ix":1},"s":{"a":0,"k":[188,180,100],"ix":6},"sk":{"a":0,"k":0},"p":{"a":0,"k":[192,360,0],"ix":2},"r":{"a":0,"k":0,"ix":10},"sa":{"a":0,"k":0},"o":{"a":0,"k":100,"ix":11}},"ef":[],"shapes":[{"ty":"gr","bm":0,"hd":false,"mn":"ADBE Vector Group","nm":"Rectangle 1","ix":1,"cix":2,"np":3,"it":[{"ty":"rc","bm":0,"hd":false,"mn":"ADBE Vector Shape - Rect","nm":"Rectangle Path 1","d":1,"p":{"a":0,"k":[0,0],"ix":3},"r":{"a":0,"k":20,"ix":4},"s":{"a":1,"k":[{"o":{"x":0.333,"y":0},"i":{"x":0.833,"y":1},"s":[16,48],"t":0},{"o":{"x":0.167,"y":0},"i":{"x":0.833,"y":1},"s":[16,184],"t":30},{"o":{"x":0.167,"y":0},"i":{"x":0.833,"y":1},"s":[16,32],"t":60},{"o":{"x":0.167,"y":0},"i":{"x":0.667,"y":1},"s":[16,172],"t":90},{"o":{"x":0.333,"y":0},"i":{"x":0.833,"y":1},"s":[16,32],"t":120},{"o":{"x":0.167,"y":0},"i":{"x":0.833,"y":1},"s":[16,148],"t":150},{"o":{"x":0.167,"y":0},"i":{"x":0.833,"y":1},"s":[16,72],"t":180},{"o":{"x":0.167,"y":0},"i":{"x":0.667,"y":1},"s":[16,184],"t":210},{"s":[16,48],"t":238}],"ix":2}},{"ty":"st","bm":0,"hd":false,"mn":"ADBE Vector Graphic - Stroke","nm":"Stroke 1","lc":1,"lj":1,"ml":4,"o":{"a":0,"k":100,"ix":4},"w":{"a":0,"k":0,"ix":5},"c":{"a":0,"k":[1,1,1],"ix":3}},{"ty":"fl","bm":0,"hd":false,"mn":"ADBE Vector Graphic - Fill","nm":"Fill 1","c":{"a":0,"k":[0.9765,0.5647,0],"ix":4},"r":1,"o":{"a":0,"k":100,"ix":5}},{"ty":"tr","a":{"a":0,"k":[0,0],"ix":1},"s":{"a":0,"k":[100,100],"ix":3},"sk":{"a":0,"k":0,"ix":4},"p":{"a":0,"k":[0,0],"ix":2},"r":{"a":0,"k":0,"ix":6},"sa":{"a":0,"k":0,"ix":5},"o":{"a":0,"k":100,"ix":7}}]}],"ind":5}],"v":"4.8.0","fr":60,"op":239,"ip":0,"assets":[]}